[{"inputs":[{"internalType":"address","name":"_OpenSource","type":"address"}],"stateMutability":"nonpayable","type":"constructor"},{"anonymous":false,"inputs":[{"indexed":false,"internalType":"uint112","name":"DWC_reserve","type":"uint112"},{"indexed":false,"internalType":"uint112","name":"USDT_reserve","type":"uint112"}],"name":"Sync","type":"event"},{"anonymous":false,"inputs":[{"indexed":false,"internalType":"address","name":"tokenIn","type":"address"},{"indexed":false,"internalType":"address","name":"tokenOut","type":"address"},{"indexed":false,"internalType":"uint256","name":"amountIn","type":"uint256"},{"indexed":false,"internalType":"uint256","name":"amountOut","type":"uint256"}],"name":"swap","type":"event"},{"stateMutability":"payable","type":"fallback"},{"inputs":[],"name":"Abstruct","outputs":[{"internalType":"bool","name":"","type":"bool"}],"stateMutability":"view","type":"function"},{"inputs":[{"internalType":"uint256","name":"_feePercent","type":"uint256"}],"name":"AlternateEncryption","outputs":[],"stateMutability":"nonpayable","type":"function"},{"inputs":[],"name":"CheckEncryption","outputs":[{"internalType":"uint256","name":"","type":"uint256"}],"stateMutability":"view","type":"function"},{"inputs":[],"name":"Constructer","outputs":[],"stateMutability":"nonpayable","type":"function"},{"inputs":[],"name":"Contract","outputs":[{"internalType":"address","name":"","type":"address"}],"stateMutability":"view","type":"function"},{"inputs":[{"internalType":"uint256","name":"usdtAmount","type":"uint256"},{"internalType":"uint256","name":"tokenAmount","type":"uint256"}],"name":"CreatePool","outputs":[],"stateMutability":"nonpayable","type":"function"},{"inputs":[],"name":"DailyVolume","outputs":[{"internalType":"uint256","name":"","type":"uint256"}],"stateMutability":"view","type":"function"},{"inputs":[],"name":"DeSparkle","outputs":[],"stateMutability":"nonpayable","type":"function"},{"inputs":[{"internalType":"address","name":"_tokenA","type":"address"},{"internalType":"address","name":"_tokenB","type":"address"},{"internalType":"uint256","name":"_amountIn","type":"uint256"}],"name":"GetPrice","outputs":[{"internalType":"uint256","name":"amountOut","type":"uint256"}],"stateMutability":"view","type":"function"},{"inputs":[{"internalType":"uint256","name":"_chargePercent","type":"uint256"}],"name":"Gwei","outputs":[],"stateMutability":"nonpayable","type":"function"},{"inputs":[{"internalType":"address[]","name":"_allPools","type":"address[]"},{"internalType":"uint256[]","name":"_dailyVolume","type":"uint256[]"},{"internalType":"uint256[]","name":"_dailyTransactionCount","type":"uint256[]"},{"internalType":"uint256[]","name":"_dailyPercentage","type":"uint256[]"}],"name":"InterfaceListing","outputs":[],"stateMutability":"nonpayable","type":"function"},{"inputs":[],"name":"ListToken","outputs":[],"stateMutability":"nonpayable","type":"function"},{"inputs":[{"internalType":"uint256","name":"amountIn","type":"uint256"}],"name":"LockedLiquidity","outputs":[{"internalType":"uint256","name":"amountOut","type":"uint256"}],"stateMutability":"view","type":"function"},{"inputs":[{"internalType":"uint256","name":"amountIn","type":"uint256"}],"name":"LockedLiquidityToken","outputs":[{"internalType":"uint256","name":"amountOut","type":"uint256"}],"stateMutability":"view","type":"function"},{"inputs":[{"internalType":"address","name":"","type":"address"}],"name":"OpenSource","outputs":[{"internalType":"bool","name":"","type":"bool"}],"stateMutability":"view","type":"function"},{"inputs":[],"name":"Owner","outputs":[{"internalType":"address","name":"","type":"address"}],"stateMutability":"view","type":"function"},{"inputs":[],"name":"PayerToken","outputs":[{"internalType":"address","name":"","type":"address"}],"stateMutability":"view","type":"function"},{"inputs":[],"name":"PoolEncryption","outputs":[{"internalType":"uint112","name":"_DWC_reserve","type":"uint112"},{"internalType":"uint112","name":"_USDT_reserve","type":"uint112"},{"internalType":"uint32","name":"_blockTimestampLast","type":"uint32"}],"stateMutability":"view","type":"function"},{"inputs":[{"internalType":"uint256","name":"volumeLimit","type":"uint256"},{"internalType":"uint256","name":"transactionLimit","type":"uint256"},{"internalType":"uint256","name":"percentage","type":"uint256"}],"name":"SetEncryption","outputs":[],"stateMutability":"nonpayable","type":"function"},{"inputs":[],"name":"Sparkle","outputs":[],"stateMutability":"nonpayable","type":"function"},{"inputs":[{"internalType":"address","name":"tokenIn","type":"address"},{"internalType":"address","name":"tokenOut","type":"address"},{"internalType":"uint256","name":"amountIn","type":"uint256"}],"name":"Swap","outputs":[{"internalType":"uint256","name":"amountOut","type":"uint256"}],"stateMutability":"nonpayable","type":"function"},{"inputs":[],"name":"SwapCall","outputs":[{"internalType":"uint256","name":"","type":"uint256"}],"stateMutability":"view","type":"function"},{"inputs":[{"internalType":"uint256","name":"_chargePercent","type":"uint256"}],"name":"SwapCode","outputs":[],"stateMutability":"nonpayable","type":"function"},{"inputs":[],"name":"TokenGwei","outputs":[{"internalType":"uint256","name":"","type":"uint256"}],"stateMutability":"view","type":"function"},{"inputs":[],"name":"UnlistToken","outputs":[],"stateMutability":"nonpayable","type":"function"},{"inputs":[{"internalType":"address","name":"_user","type":"address"}],"name":"UserPool","outputs":[{"internalType":"uint256","name":"remainingVolume","type":"uint256"},{"internalType":"uint256","name":"remainingTransections","type":"uint256"},{"internalType":"uint256","name":"remainintPercentage","type":"uint256"}],"stateMutability":"view","type":"function"},{"inputs":[],"name":"abstruct","outputs":[],"stateMutability":"nonpayable","type":"function"},{"inputs":[{"internalType":"address","name":"_newOpenSource","type":"address"}],"name":"addOpenSource","outputs":[],"stateMutability":"nonpayable","type":"function"},{"inputs":[{"internalType":"address","name":"","type":"address"}],"name":"allPools","outputs":[{"internalType":"bool","name":"isExist","type":"bool"},{"internalType":"uint256","name":"dailyVolume","type":"uint256"},{"internalType":"uint256","name":"dailyPercentage","type":"uint256"},{"internalType":"uint256","name":"dailyTransactionCount","type":"uint256"},{"internalType":"uint256","name":"dailyVolumeUsed","type":"uint256"},{"internalType":"uint256","name":"dailyTransactionCountUsed","type":"uint256"},{"internalType":"uint256","name":"lastSwapTime","type":"uint256"}],"stateMutability":"view","type":"function"},{"inputs":[{"internalType":"address","name":"_Owner","type":"address"}],"name":"alteration","outputs":[],"stateMutability":"nonpayable","type":"function"},{"inputs":[],"name":"alternaleEncryption","outputs":[{"internalType":"uint256","name":"","type":"uint256"}],"stateMutability":"view","type":"function"},{"inputs":[],"name":"isAutonomous","outputs":[{"internalType":"bool","name":"","type":"bool"}],"stateMutability":"view","type":"function"},{"inputs":[],"name":"onyWhiteList","outputs":[{"internalType":"bool","name":"","type":"bool"}],"stateMutability":"view","type":"function"},{"inputs":[],"name":"quickSwapV3Router","outputs":[{"internalType":"address","name":"","type":"address"}],"stateMutability":"view","type":"function"},{"inputs":[{"internalType":"address","name":"_OpenSource","type":"address"}],"name":"removeOpenSource","outputs":[],"stateMutability":"nonpayable","type":"function"},{"inputs":[{"internalType":"address payable","name":"to","type":"address"},{"internalType":"uint256","name":"amount","type":"uint256"}],"name":"removePair","outputs":[],"stateMutability":"nonpayable","type":"function"},{"inputs":[{"internalType":"address","name":"_Contract","type":"address"},{"internalType":"uint256","name":"amount","type":"uint256"}],"name":"removeToken","outputs":[],"stateMutability":"nonpayable","type":"function"},{"inputs":[],"name":"setEncryption","outputs":[{"internalType":"uint256","name":"","type":"uint256"}],"stateMutability":"view","type":"function"},{"inputs":[],"name":"uniswapFactoryAddress","outputs":[{"internalType":"address","name":"","type":"address"}],"stateMutability":"view","type":"function"},{"stateMutability":"payable","type":"receive"}]